ts,iso_time,ph,o2,temp
1759807048380,2025-10-07T11:17:28.380000,7.1,7.64,26.3
1759807050070,2025-10-07T11:17:30.070000,7.1,7.64,26.3
1759807056539,2025-10-07T11:17:36.539000,7.1,7.65,26.3
1759807058360,2025-10-07T11:17:38.360000,7.1,7.65,26.3
1759807060060,2025-10-07T11:17:40.060000,7.1,7.65,26.3
1759807060101,2025-10-07T11:17:40.101000,7.1,7.65,26.3
1759807060101,2025-10-07T11:17:40.101000,7.1,7.65,26.3
1759807066554,2025-10-07T11:17:46.554000,7.1,7.67,26.3
1759807068373,2025-10-07T11:17:48.373000,7.1,7.67,26.3
1759807070075,2025-10-07T11:17:50.075000,7.1,7.67,26.3
1759807076544,2025-10-07T11:17:56.544000,7.1,7.67,26.3
1759807078385,2025-10-07T11:17:58.385000,7.1,7.67,26.3
1759807080049,2025-10-07T11:18:00.049000,7.1,7.67,26.3
1759807086560,2025-10-07T11:18:06.560000,7.1,7.67,26.3
1759807088393,2025-10-07T11:18:08.393000,7.1,7.67,26.3
1759807090067,2025-10-07T11:18:10.067000,7.1,7.67,26.3
1759807096562,2025-10-07T11:18:16.562000,7.1,7.67,26.3
1759807098382,2025-10-07T11:18:18.382000,7.1,7.67,26.3
1759807100072,2025-10-07T11:18:20.072000,7.1,7.67,26.3
1759807106539,2025-10-07T11:18:26.539000,7.1,7.63,26.3
1759807108377,2025-10-07T11:18:28.377000,7.1,7.63,26.3
1759807110067,2025-10-07T11:18:30.067000,7.1,7.63,26.3
1759807116541,2025-10-07T11:18:36.541000,7.1,7.66,26.3
1759807118382,2025-10-07T11:18:38.382000,7.1,7.66,26.3
1759807120063,2025-10-07T11:18:40.063000,7.1,7.66,26.3
1759807120101,2025-10-07T11:18:40.101000,7.1,7.66,26.3
1759807120102,2025-10-07T11:18:40.102000,7.1,7.66,26.3
1759807126579,2025-10-07T11:18:46.579000,7.1,7.68,26.3
1759807128375,2025-10-07T11:18:48.375000,7.1,7.68,26.3
1759807130049,2025-10-07T11:18:50.049000,7.1,7.68,26.3
1759807136563,2025-10-07T11:18:56.563000,7.1,7.68,26.3
1759807138382,2025-10-07T11:18:58.382000,7.1,7.68,26.3
1759807140054,2025-10-07T11:19:00.054000,7.1,7.68,26.3
1759807146585,2025-10-07T11:19:06.585000,7.1,7.69,26.3
1759807148364,2025-10-07T11:19:08.364000,7.1,7.69,26.3
1759807150086,2025-10-07T11:19:10.086000,7.1,7.69,26.3
1759807156685,2025-10-07T11:19:16.685000,7.1,7.67,26.3
1759807158390,2025-10-07T11:19:18.390000,7.1,7.67,26.3
1759807160062,2025-10-07T11:19:20.062000,7.1,7.67,26.3
1759807166636,2025-10-07T11:19:26.636000,7.1,7.66,26.3
1759807168387,2025-10-07T11:19:28.387000,7.1,7.66,26.3
1759807170077,2025-10-07T11:19:30.077000,7.1,7.66,26.3
1759807176562,2025-10-07T11:19:36.562000,7.1,7.64,26.3
1759807178376,2025-10-07T11:19:38.376000,7.1,7.64,26.3
1759807180075,2025-10-07T11:19:40.075000,7.1,7.64,26.3
1759807180114,2025-10-07T11:19:40.114000,7.1,7.64,26.3
1759807180114,2025-10-07T11:19:40.114000,7.1,7.64,26.3
1759807186573,2025-10-07T11:19:46.573000,7.1,7.66,26.3
1759807188386,2025-10-07T11:19:48.386000,7.1,7.66,26.3
1759807190076,2025-10-07T11:19:50.076000,7.1,7.66,26.3
1759807196568,2025-10-07T11:19:56.568000,7.1,7.67,26.3
1759807198378,2025-10-07T11:19:58.378000,7.1,7.67,26.3
1759807200045,2025-10-07T11:20:00.045000,7.1,7.67,26.3
1759807206575,2025-10-07T11:20:06.575000,7.1,7.67,26.3
1759807208384,2025-10-07T11:20:08.384000,7.1,7.67,26.3
1759807210075,2025-10-07T11:20:10.075000,7.1,7.67,26.3
1759807216608,2025-10-07T11:20:16.608000,7.1,7.65,26.3
1759807218383,2025-10-07T11:20:18.383000,7.1,7.65,26.3
1759807220063,2025-10-07T11:20:20.063000,7.1,7.65,26.3
1759807226563,2025-10-07T11:20:26.563000,7.1,7.64,26.3
1759807228381,2025-10-07T11:20:28.381000,7.1,7.64,26.3
1759807230065,2025-10-07T11:20:30.065000,7.1,7.64,26.3
1759807236565,2025-10-07T11:20:36.565000,7.1,7.63,26.3
1759807238368,2025-10-07T11:20:38.368000,7.1,7.63,26.3
1759807240058,2025-10-07T11:20:40.058000,7.1,7.63,26.3
1759807240090,2025-10-07T11:20:40.090000,7.1,7.63,26.3
1759807240091,2025-10-07T11:20:40.091000,7.1,7.63,26.3
1759807246556,2025-10-07T11:20:46.556000,7.1,7.63,26.3
1759807248387,2025-10-07T11:20:48.387000,7.1,7.63,26.3
1759807250069,2025-10-07T11:20:50.069000,7.1,7.63,26.3
1759807256569,2025-10-07T11:20:56.569000,7.1,7.67,26.3
1759807258379,2025-10-07T11:20:58.379000,7.1,7.67,26.3
1759807260069,2025-10-07T11:21:00.069000,7.1,7.67,26.3
1759807266578,2025-10-07T11:21:06.578000,7.1,7.67,26.3
1759807268397,2025-10-07T11:21:08.397000,7.1,7.67,26.3
1759807270077,2025-10-07T11:21:10.077000,7.1,7.67,26.3
1759807276560,2025-10-07T11:21:16.560000,7.1,7.66,26.3
1759807278405,2025-10-07T11:21:18.405000,7.1,7.66,26.3
1759807280070,2025-10-07T11:21:20.070000,7.1,7.66,26.3
1759807286555,2025-10-07T11:21:26.555000,7.1,7.65,26.3
1759807288374,2025-10-07T11:21:28.374000,7.1,7.65,26.3
1759807290060,2025-10-07T11:21:30.060000,7.1,7.65,26.3
1759807296559,2025-10-07T11:21:36.559000,7.1,7.64,26.3
1759807298375,2025-10-07T11:21:38.375000,7.1,7.64,26.3
1759807300061,2025-10-07T11:21:40.061000,7.1,7.64,26.3
1759807300094,2025-10-07T11:21:40.094000,7.1,7.64,26.3
1759807300094,2025-10-07T11:21:40.094000,7.1,7.64,26.3
1759807306561,2025-10-07T11:21:46.561000,7.1,7.64,26.3
1759807308381,2025-10-07T11:21:48.381000,7.1,7.64,26.3
1759807310074,2025-10-07T11:21:50.074000,7.1,7.64,26.3
1759807316559,2025-10-07T11:21:56.559000,7.1,7.67,26.3
1759807318391,2025-10-07T11:21:58.391000,7.1,7.67,26.3
1759807320066,2025-10-07T11:22:00.066000,7.1,7.67,26.3
1759807326586,2025-10-07T11:22:06.586000,7.1,7.66,26.3
1759807328382,2025-10-07T11:22:08.382000,7.1,7.66,26.3
1759807330060,2025-10-07T11:22:10.060000,7.1,7.66,26.3
1759807336552,2025-10-07T11:22:16.552000,7.1,7.67,26.3
1759807338386,2025-10-07T11:22:18.386000,7.1,7.67,26.3
1759807340054,2025-10-07T11:22:20.054000,7.1,7.67,26.3
1759807346565,2025-10-07T11:22:26.565000,7.1,7.66,26.3
1759807348385,2025-10-07T11:22:28.385000,7.1,7.66,26.3
1759807350066,2025-10-07T11:22:30.066000,7.1,7.66,26.3
1759807356554,2025-10-07T11:22:36.554000,7.1,7.66,26.3
1759807358375,2025-10-07T11:22:38.375000,7.1,7.66,26.3
1759807360071,2025-10-07T11:22:40.071000,7.1,7.66,26.3
1759807360091,2025-10-07T11:22:40.091000,7.1,7.66,26.3
1759807360091,2025-10-07T11:22:40.091000,7.1,7.66,26.3
1759807366565,2025-10-07T11:22:46.565000,7.1,7.65,26.3
1759807368379,2025-10-07T11:22:48.379000,7.1,7.65,26.3
1759807370075,2025-10-07T11:22:50.075000,7.1,7.65,26.3
1759807376543,2025-10-07T11:22:56.543000,7.1,7.65,26.3
1759807378391,2025-10-07T11:22:58.391000,7.1,7.65,26.3
1759807380061,2025-10-07T11:23:00.061000,7.1,7.65,26.3
1759807386575,2025-10-07T11:23:06.575000,7.1,7.66,26.3
1759807388385,2025-10-07T11:23:08.385000,7.1,7.66,26.3
1759807390082,2025-10-07T11:23:10.082000,7.1,7.66,26.3
1759807396564,2025-10-07T11:23:16.564000,7.1,7.67,26.3
1759807398363,2025-10-07T11:23:18.363000,7.1,7.67,26.3
1759807400066,2025-10-07T11:23:20.066000,7.1,7.67,26.3
1759807406557,2025-10-07T11:23:26.557000,7.1,7.67,26.3
1759807408390,2025-10-07T11:23:28.390000,7.1,7.67,26.3
1759807410071,2025-10-07T11:23:30.071000,7.1,7.67,26.3
1759807416561,2025-10-07T11:23:36.561000,7.1,7.66,26.3
1759807418371,2025-10-07T11:23:38.371000,7.1,7.66,26.3
1759807420080,2025-10-07T11:23:40.080000,7.1,7.66,26.3
1759807420121,2025-10-07T11:23:40.121000,7.1,7.66,26.3
1759807420121,2025-10-07T11:23:40.121000,7.1,7.66,26.3
1759807426543,2025-10-07T11:23:46.543000,7.1,7.66,26.3
1759807428391,2025-10-07T11:23:48.391000,7.1,7.66,26.3
1759807430071,2025-10-07T11:23:50.071000,7.1,7.66,26.3
1759807436539,2025-10-07T11:23:56.539000,7.1,7.64,26.3
1759807438365,2025-10-07T11:23:58.365000,7.1,7.64,26.3
1759807440070,2025-10-07T11:24:00.070000,7.1,7.64,26.3
1759807446563,2025-10-07T11:24:06.563000,7.1,7.67,26.3
1759807448387,2025-10-07T11:24:08.387000,7.1,7.67,26.3
1759807450081,2025-10-07T11:24:10.081000,7.1,7.67,26.3
1759807456561,2025-10-07T11:24:16.561000,7.1,7.68,26.3
1759807458374,2025-10-07T11:24:18.374000,7.1,7.68,26.3
1759807460056,2025-10-07T11:24:20.056000,7.1,7.68,26.3
1759807466669,2025-10-07T11:24:26.669000,7.1,7.68,26.3
1759807468386,2025-10-07T11:24:28.386000,7.1,7.68,26.3
1759807470062,2025-10-07T11:24:30.062000,7.1,7.68,26.3
1759807476586,2025-10-07T11:24:36.586000,7.1,7.68,26.3
1759807478377,2025-10-07T11:24:38.377000,7.1,7.68,26.3
1759807480076,2025-10-07T11:24:40.076000,7.1,7.68,26.3
1759807480111,2025-10-07T11:24:40.111000,7.1,7.68,26.3
1759807480112,2025-10-07T11:24:40.112000,7.1,7.68,26.3
1759807486557,2025-10-07T11:24:46.557000,7.1,7.67,26.3
1759807488386,2025-10-07T11:24:48.386000,7.1,7.67,26.3
1759807490078,2025-10-07T11:24:50.078000,7.1,7.67,26.4
1759807496569,2025-10-07T11:24:56.569000,7.1,7.65,26.4
1759807498377,2025-10-07T11:24:58.377000,7.1,7.65,26.4
1759807500050,2025-10-07T11:25:00.050000,7.1,7.65,26.3
1759807507800,2025-10-07T11:25:07.800000,7.1,7.65,26.3
1759807508403,2025-10-07T11:25:08.403000,7.1,7.65,26.3
1759807510063,2025-10-07T11:25:10.063000,7.1,7.65,26.3
1759807516641,2025-10-07T11:25:16.641000,7.1,7.66,26.3
1759807518380,2025-10-07T11:25:18.380000,7.1,7.66,26.3
1759807520060,2025-10-07T11:25:20.060000,7.1,7.66,26.3
1759807526561,2025-10-07T11:25:26.561000,7.1,7.67,26.3
1759807528384,2025-10-07T11:25:28.384000,7.1,7.67,26.3
1759807530055,2025-10-07T11:25:30.055000,7.1,7.67,26.3
1759807536577,2025-10-07T11:25:36.577000,7.1,7.67,26.3
1759807538381,2025-10-07T11:25:38.381000,7.1,7.67,26.3
1759807540065,2025-10-07T11:25:40.065000,7.1,7.67,26.3
1759807540118,2025-10-07T11:25:40.118000,7.1,7.67,26.3
1759807540119,2025-10-07T11:25:40.119000,7.1,7.67,26.3
1759807546565,2025-10-07T11:25:46.565000,7.1,7.66,26.3
1759807548380,2025-10-07T11:25:48.380000,7.1,7.66,26.3
1759807550057,2025-10-07T11:25:50.057000,7.1,7.66,26.4
1759807556571,2025-10-07T11:25:56.571000,7.1,7.65,26.4
1759807558378,2025-10-07T11:25:58.378000,7.1,7.65,26.4
1759807560073,2025-10-07T11:26:00.073000,7.1,7.65,26.3
1759807566612,2025-10-07T11:26:06.612000,7.1,7.64,26.3
1759807568399,2025-10-07T11:26:08.399000,7.1,7.64,26.3
1759807570052,2025-10-07T11:26:10.052000,7.1,7.64,26.4
1759807576574,2025-10-07T11:26:16.574000,7.1,7.66,26.4
1759807578380,2025-10-07T11:26:18.380000,7.1,7.66,26.4
1759807580060,2025-10-07T11:26:20.060000,7.1,7.66,26.3
1759807586571,2025-10-07T11:26:26.571000,7.1,7.66,26.3
1759807588370,2025-10-07T11:26:28.370000,7.1,7.66,26.3
1759807590069,2025-10-07T11:26:30.069000,7.1,7.66,26.4
1759807596551,2025-10-07T11:26:36.551000,7.1,7.67,26.4
1759807598380,2025-10-07T11:26:38.380000,7.1,7.67,26.4
1759807600060,2025-10-07T11:26:40.060000,7.1,7.67,26.3
1759807600090,2025-10-07T11:26:40.090000,7.1,7.67,26.3
1759807600090,2025-10-07T11:26:40.090000,7.1,7.67,26.3
1759807606557,2025-10-07T11:26:46.557000,7.1,7.67,26.3
1759807608385,2025-10-07T11:26:48.385000,7.1,7.67,26.3
1759807610073,2025-10-07T11:26:50.073000,7.1,7.67,26.3
1759807616585,2025-10-07T11:26:56.585000,7.1,7.66,26.3
1759807618366,2025-10-07T11:26:58.366000,7.1,7.66,26.3
1759807620042,2025-10-07T11:27:00.042000,7.1,7.66,26.3
1759807626570,2025-10-07T11:27:06.570000,7.1,7.64,26.3
1759807628375,2025-10-07T11:27:08.375000,7.1,7.64,26.3
1759807630074,2025-10-07T11:27:10.074000,7.1,7.64,26.4
1759807636559,2025-10-07T11:27:16.559000,7.1,7.65,26.4
1759807638376,2025-10-07T11:27:18.376000,7.1,7.65,26.4
1759807640074,2025-10-07T11:27:20.074000,7.1,7.65,26.4
1759807646554,2025-10-07T11:27:26.554000,7.1,7.66,26.4
1759807648389,2025-10-07T11:27:28.389000,7.1,7.66,26.4
1759807650066,2025-10-07T11:27:30.066000,7.1,7.66,26.4
1759807656565,2025-10-07T11:27:36.565000,7.1,7.67,26.4
1759807658391,2025-10-07T11:27:38.391000,7.1,7.67,26.4
1759807660062,2025-10-07T11:27:40.062000,7.1,7.67,26.4
1759807660117,2025-10-07T11:27:40.117000,7.1,7.67,26.4
1759807660118,2025-10-07T11:27:40.118000,7.1,7.67,26.4
1759807666566,2025-10-07T11:27:46.566000,7.1,7.67,26.4
1759807668370,2025-10-07T11:27:48.370000,7.1,7.67,26.4
1759807670087,2025-10-07T11:27:50.087000,7.1,7.67,26.4
1759807676590,2025-10-07T11:27:56.590000,7.1,7.66,26.4
1759807678386,2025-10-07T11:27:58.386000,7.1,7.66,26.4
1759807680073,2025-10-07T11:28:00.073000,7.1,7.66,26.4
1759807686566,2025-10-07T11:28:06.566000,7.1,7.64,26.4
1759807688401,2025-10-07T11:28:08.401000,7.1,7.64,26.4
1759807690086,2025-10-07T11:28:10.086000,7.1,7.64,26.4
1759807696561,2025-10-07T11:28:16.561000,7.1,7.63,26.4
1759807698390,2025-10-07T11:28:18.390000,7.1,7.63,26.4
1759807700064,2025-10-07T11:28:20.064000,7.1,7.63,26.4
1759807706552,2025-10-07T11:28:26.552000,7.1,7.65,26.4
1759807708381,2025-10-07T11:28:28.381000,7.1,7.65,26.4
1759807710072,2025-10-07T11:28:30.072000,7.1,7.65,26.4
1759807716567,2025-10-07T11:28:36.567000,7.1,7.66,26.4
1759807718385,2025-10-07T11:28:38.385000,7.1,7.66,26.4
1759807720067,2025-10-07T11:28:40.067000,7.1,7.66,26.4
1759807720091,2025-10-07T11:28:40.091000,7.1,7.66,26.4
1759807720091,2025-10-07T11:28:40.091000,7.1,7.66,26.4
1759807726539,2025-10-07T11:28:46.539000,7.1,7.66,26.4
1759807728386,2025-10-07T11:28:48.386000,7.1,7.66,26.4
1759807730055,2025-10-07T11:28:50.055000,7.1,7.66,26.4
1759807736601,2025-10-07T11:28:56.601000,7.1,7.66,26.4
1759807738387,2025-10-07T11:28:58.387000,7.1,7.66,26.4
1759807740072,2025-10-07T11:29:00.072000,7.1,7.66,26.4
1759807746562,2025-10-07T11:29:06.562000,7.1,7.66,26.4
1759807748367,2025-10-07T11:29:08.367000,7.1,7.66,26.4
1759807750059,2025-10-07T11:29:10.059000,7.1,7.66,26.4
1759807756555,2025-10-07T11:29:16.555000,7.1,7.64,26.4
1759807758385,2025-10-07T11:29:18.385000,7.1,7.64,26.4
1759807760072,2025-10-07T11:29:20.072000,7.1,7.64,26.4
1759807766559,2025-10-07T11:29:26.559000,7.1,7.65,26.4
1759807768398,2025-10-07T11:29:28.398000,7.1,7.65,26.4
1759807770062,2025-10-07T11:29:30.062000,7.1,7.65,26.4
1759807776553,2025-10-07T11:29:36.553000,7.1,7.67,26.4
1759807778392,2025-10-07T11:29:38.392000,7.1,7.67,26.4
1759807780083,2025-10-07T11:29:40.083000,7.1,7.67,26.4
1759807780141,2025-10-07T11:29:40.141000,7.1,7.67,26.4
1759807780142,2025-10-07T11:29:40.142000,7.1,7.67,26.4
1759807786587,2025-10-07T11:29:46.587000,7.1,7.68,26.4
1759807788394,2025-10-07T11:29:48.394000,7.1,7.68,26.4
1759807790069,2025-10-07T11:29:50.069000,7.1,7.68,26.4
1759807796549,2025-10-07T11:29:56.549000,7.1,7.68,26.4
1759807798378,2025-10-07T11:29:58.378000,7.1,7.68,26.4
1759807800079,2025-10-07T11:30:00.079000,7.1,7.68,26.4
1759807806645,2025-10-07T11:30:06.645000,7.1,7.66,26.4
1759807808398,2025-10-07T11:30:08.398000,7.1,7.66,26.4
1759807810072,2025-10-07T11:30:10.072000,7.1,7.66,26.4
1759807816551,2025-10-07T11:30:16.551000,7.1,7.65,26.4
1759807818367,2025-10-07T11:30:18.367000,7.1,7.65,26.4
1759807820103,2025-10-07T11:30:20.103000,7.1,7.65,26.4
1759807826546,2025-10-07T11:30:26.546000,7.1,7.65,26.4
1759807828387,2025-10-07T11:30:28.387000,7.1,7.65,26.4
1759807830072,2025-10-07T11:30:30.072000,7.1,7.65,26.4
1759807836565,2025-10-07T11:30:36.565000,7.1,7.67,26.4
1759807838385,2025-10-07T11:30:38.385000,7.1,7.67,26.4
1759807840075,2025-10-07T11:30:40.075000,7.1,7.67,26.3
1759807840111,2025-10-07T11:30:40.111000,7.1,7.67,26.3
1759807840112,2025-10-07T11:30:40.112000,7.1,7.67,26.3
1759807846570,2025-10-07T11:30:46.570000,7.1,7.68,26.3
1759807848373,2025-10-07T11:30:48.373000,7.1,7.68,26.3
1759807850071,2025-10-07T11:30:50.071000,7.1,7.68,26.4
1759807856542,2025-10-07T11:30:56.542000,7.1,7.68,26.4
1759807858387,2025-10-07T11:30:58.387000,7.1,7.68,26.4
1759807860077,2025-10-07T11:31:00.077000,7.1,7.68,26.4
1759807866646,2025-10-07T11:31:06.646000,7.1,7.67,26.4
1759807868389,2025-10-07T11:31:08.389000,7.1,7.67,26.4
1759807870076,2025-10-07T11:31:10.076000,7.1,7.67,26.4
1759807876567,2025-10-07T11:31:16.567000,7.1,7.66,26.4
1759807878385,2025-10-07T11:31:18.385000,7.1,7.66,26.4
1759807880050,2025-10-07T11:31:20.050000,7.1,7.66,26.4
1759807886557,2025-10-07T11:31:26.557000,7.1,7.64,26.4
1759807888381,2025-10-07T11:31:28.381000,7.1,7.64,26.4
1759807890075,2025-10-07T11:31:30.075000,7.1,7.64,26.4
1759807896557,2025-10-07T11:31:36.557000,7.1,7.66,26.4
1759807898369,2025-10-07T11:31:38.369000,7.1,7.66,26.4
1759807900063,2025-10-07T11:31:40.063000,7.1,7.66,26.4
1759807900087,2025-10-07T11:31:40.087000,7.1,7.66,26.4
1759807900087,2025-10-07T11:31:40.087000,7.1,7.66,26.4
1759807906588,2025-10-07T11:31:46.588000,7.1,7.67,26.4
1759807908380,2025-10-07T11:31:48.380000,7.1,7.67,26.4
1759807910062,2025-10-07T11:31:50.062000,7.1,7.67,26.4
1759807916618,2025-10-07T11:31:56.618000,7.1,7.68,26.4
1759807918419,2025-10-07T11:31:58.419000,7.1,7.68,26.4
1759807920068,2025-10-07T11:32:00.068000,7.1,7.68,26.4
1759807926545,2025-10-07T11:32:06.545000,7.1,7.67,26.4
1759807928395,2025-10-07T11:32:08.395000,7.1,7.67,26.4
1759807930091,2025-10-07T11:32:10.091000,7.1,7.67,26.4
1759807936546,2025-10-07T11:32:16.546000,7.1,7.67,26.4
1759807938386,2025-10-07T11:32:18.386000,7.1,7.67,26.4
1759807940067,2025-10-07T11:32:20.067000,7.1,7.67,26.4
1759808430063,2025-10-07T11:40:30.063000,7.1,7.65,26.4
1759808560094,2025-10-07T11:42:40.094000,7.1,7.65,26.4
1759808560133,2025-10-07T11:42:40.133000,7.1,7.65,26.4
1759808560133,2025-10-07T11:42:40.133000,7.1,7.65,26.4
1759808566656,2025-10-07T11:42:46.656000,7.1,7.65,26.4
1759808568502,2025-10-07T11:42:48.502000,7.1,7.65,26.4
1759808570069,2025-10-07T11:42:50.069000,7.1,7.65,26.4
1759808576552,2025-10-07T11:42:56.552000,7.1,7.66,26.4
1759808578389,2025-10-07T11:42:58.389000,7.1,7.66,26.4
1759808580090,2025-10-07T11:43:00.090000,7.1,7.66,26.4
1759808586580,2025-10-07T11:43:06.580000,7.1,7.65,26.4
1759808588392,2025-10-07T11:43:08.392000,7.1,7.65,26.4
1759808590065,2025-10-07T11:43:10.065000,7.1,7.65,26.4
1759808596556,2025-10-07T11:43:16.556000,7.1,7.63,26.4
1759808598365,2025-10-07T11:43:18.365000,7.1,7.63,26.4
1759808600068,2025-10-07T11:43:20.068000,7.1,7.63,26.4
1759808606592,2025-10-07T11:43:26.592000,7.1,7.62,26.4
1759808608391,2025-10-07T11:43:28.391000,7.1,7.62,26.4
1759808610075,2025-10-07T11:43:30.075000,7.1,7.62,26.4
1759808616627,2025-10-07T11:43:36.627000,7.1,7.64,26.4
1759808618471,2025-10-07T11:43:38.471000,7.1,7.64,26.4
1759808620089,2025-10-07T11:43:40.089000,7.1,7.64,26.4
1759808620096,2025-10-07T11:43:40.096000,7.1,7.64,26.4
1759808620098,2025-10-07T11:43:40.098000,7.1,7.64,26.4
1759808626663,2025-10-07T11:43:46.663000,7.1,7.64,26.4
1759808628374,2025-10-07T11:43:48.374000,7.1,7.64,26.4
1759808630074,2025-10-07T11:43:50.074000,7.1,7.64,26.4
1759808636537,2025-10-07T11:43:56.537000,7.1,7.66,26.4
1759808638377,2025-10-07T11:43:58.377000,7.1,7.66,26.4
1759808640076,2025-10-07T11:44:00.076000,7.1,7.66,26.4
1759808646559,2025-10-07T11:44:06.559000,7.1,7.65,26.4
1759808648385,2025-10-07T11:44:08.385000,7.1,7.65,26.4
1759808650069,2025-10-07T11:44:10.069000,7.1,7.65,26.4
1759808656563,2025-10-07T11:44:16.563000,7.1,7.64,26.4
1759808658381,2025-10-07T11:44:18.381000,7.1,7.64,26.4
1759808660074,2025-10-07T11:44:20.074000,7.1,7.64,26.4
1759808666599,2025-10-07T11:44:26.599000,7.1,7.61,26.4
1759808668442,2025-10-07T11:44:28.442000,7.1,7.61,26.4
1759808670070,2025-10-07T11:44:30.070000,7.1,7.61,26.4
1759808676644,2025-10-07T11:44:36.644000,7.1,7.63,26.4
1759808678379,2025-10-07T11:44:38.379000,7.1,7.63,26.4
1759808680065,2025-10-07T11:44:40.065000,7.1,7.63,26.4
1759808680109,2025-10-07T11:44:40.109000,7.1,7.63,26.4
1759808680110,2025-10-07T11:44:40.110000,7.1,7.63,26.4
1759808686671,2025-10-07T11:44:46.671000,7.1,7.65,26.4
1759808688394,2025-10-07T11:44:48.394000,7.1,7.65,26.4
1759808690080,2025-10-07T11:44:50.080000,7.1,7.65,26.4
1759808696554,2025-10-07T11:44:56.554000,7.1,7.65,26.4
1759808698365,2025-10-07T11:44:58.365000,7.1,7.65,26.4
1759808700081,2025-10-07T11:45:00.081000,7.1,7.65,26.4
1759808706555,2025-10-07T11:45:06.555000,7.1,7.65,26.4
1759808708383,2025-10-07T11:45:08.383000,7.1,7.65,26.4
1759808710068,2025-10-07T11:45:10.068000,7.1,7.65,26.4
1759808716585,2025-10-07T11:45:16.585000,7.1,7.65,26.4
1759808718400,2025-10-07T11:45:18.400000,7.1,7.65,26.4
1759808720050,2025-10-07T11:45:20.050000,7.1,7.65,26.4
1759808726604,2025-10-07T11:45:26.604000,7.1,7.64,26.4
1759808728402,2025-10-07T11:45:28.402000,7.1,7.64,26.4
1759808730077,2025-10-07T11:45:30.077000,7.1,7.64,26.4
1759808736640,2025-10-07T11:45:36.640000,7.1,7.63,26.4
1759808738390,2025-10-07T11:45:38.390000,7.1,7.63,26.4
1759808740070,2025-10-07T11:45:40.070000,7.1,7.63,26.4
1759808740105,2025-10-07T11:45:40.105000,7.1,7.63,26.4
1759808740105,2025-10-07T11:45:40.105000,7.1,7.63,26.4
1759808746676,2025-10-07T11:45:46.676000,7.1,7.65,26.4
1759808748377,2025-10-07T11:45:48.377000,7.1,7.65,26.4
1759808750062,2025-10-07T11:45:50.062000,7.1,7.65,26.4
1759808756572,2025-10-07T11:45:56.572000,7.1,7.65,26.4
1759808758386,2025-10-07T11:45:58.386000,7.1,7.65,26.4
1759808760078,2025-10-07T11:46:00.078000,7.1,7.65,26.4
1759808766568,2025-10-07T11:46:06.568000,7.1,7.66,26.4
1759808768395,2025-10-07T11:46:08.395000,7.1,7.66,26.4
1759808770082,2025-10-07T11:46:10.082000,7.1,7.66,26.4
1759808776576,2025-10-07T11:46:16.576000,7.1,7.65,26.4
1759808778411,2025-10-07T11:46:18.411000,7.1,7.65,26.4
1759808780076,2025-10-07T11:46:20.076000,7.1,7.65,26.4
1759808786612,2025-10-07T11:46:26.612000,7.1,7.64,26.4
1759808788389,2025-10-07T11:46:28.389000,7.1,7.64,26.4
1759808790074,2025-10-07T11:46:30.074000,7.1,7.64,26.4
1759808796648,2025-10-07T11:46:36.648000,7.1,7.63,26.4
1759808798374,2025-10-07T11:46:38.374000,7.1,7.63,26.4
1759808800078,2025-10-07T11:46:40.078000,7.1,7.63,26.4
1759808800108,2025-10-07T11:46:40.108000,7.1,7.63,26.4
1759808800116,2025-10-07T11:46:40.116000,7.1,7.63,26.4
1759808806556,2025-10-07T11:46:46.556000,7.1,7.65,26.4
1759808808391,2025-10-07T11:46:48.391000,7.1,7.65,26.4
1759808810076,2025-10-07T11:46:50.076000,7.1,7.65,26.4
1759808816563,2025-10-07T11:46:56.563000,7.1,7.66,26.4
1759809000077,2025-10-07T11:50:00.077000,7.1,7.64,26.4
1759809006580,2025-10-07T11:50:06.580000,7.1,7.65,26.4
1759809008382,2025-10-07T11:50:08.382000,7.1,7.65,26.4
1759809010072,2025-10-07T11:50:10.072000,7.1,7.65,26.4
1759809016603,2025-10-07T11:50:16.603000,7.1,7.66,26.4
1759809018447,2025-10-07T11:50:18.447000,7.1,7.66,26.4
1759809020088,2025-10-07T11:50:20.088000,7.1,7.66,26.4
1759809026583,2025-10-07T11:50:26.583000,7.1,7.66,26.4
1759809028388,2025-10-07T11:50:28.388000,7.1,7.66,26.4
1759809030100,2025-10-07T11:50:30.100000,7.1,7.66,26.4
1759809036563,2025-10-07T11:50:36.563000,7.1,7.65,26.4
1759809038374,2025-10-07T11:50:38.374000,7.1,7.65,26.4
1759809040065,2025-10-07T11:50:40.065000,7.1,7.65,26.4
1759809040099,2025-10-07T11:50:40.099000,7.1,7.65,26.4
1759809040100,2025-10-07T11:50:40.100000,7.1,7.65,26.4
1759809046564,2025-10-07T11:50:46.564000,7.1,7.64,26.4
1759809048386,2025-10-07T11:50:48.386000,7.1,7.64,26.4
1759809050091,2025-10-07T11:50:50.091000,7.1,7.64,26.4
1759809056574,2025-10-07T11:50:56.574000,7.1,7.63,26.4
1759809058392,2025-10-07T11:50:58.392000,7.1,7.63,26.4
1759809060076,2025-10-07T11:51:00.076000,7.1,7.63,26.4
1759809066577,2025-10-07T11:51:06.577000,7.1,7.64,26.4
1759809068418,2025-10-07T11:51:08.418000,7.1,7.64,26.4
1759809070085,2025-10-07T11:51:10.085000,7.1,7.64,26.4
1759809076610,2025-10-07T11:51:16.610000,7.1,7.65,26.4
1759809078378,2025-10-07T11:51:18.378000,7.1,7.65,26.4
1759809080064,2025-10-07T11:51:20.064000,7.1,7.65,26.4
1759809086646,2025-10-07T11:51:26.646000,7.1,7.64,26.4
1759809088404,2025-10-07T11:51:28.404000,7.1,7.64,26.4
1759809090077,2025-10-07T11:51:30.077000,7.1,7.64,26.4
1759809096681,2025-10-07T11:51:36.681000,7.1,7.66,26.4
1759809098377,2025-10-07T11:51:38.377000,7.1,7.66,26.4
1759809100075,2025-10-07T11:51:40.075000,7.1,7.66,26.4
1759809100136,2025-10-07T11:51:40.136000,7.1,7.66,26.4
1759809100136,2025-10-07T11:51:40.136000,7.1,7.66,26.4
1759809106584,2025-10-07T11:51:46.584000,7.1,7.66,26.4
1759809108371,2025-10-07T11:51:48.371000,7.1,7.66,26.4
1759809110078,2025-10-07T11:51:50.078000,7.1,7.66,26.4
1759809116576,2025-10-07T11:51:56.576000,7.1,7.63,26.4
1759809118405,2025-10-07T11:51:58.405000,7.1,7.63,26.4
1759809120077,2025-10-07T11:52:00.077000,7.1,7.63,26.4
1759809126582,2025-10-07T11:52:06.582000,7.1,7.62,26.4
1759809128372,2025-10-07T11:52:08.372000,7.1,7.62,26.4
1759809130088,2025-10-07T11:52:10.088000,7.1,7.62,26.4
1759809136616,2025-10-07T11:52:16.616000,7.1,7.65,26.4
1759809138387,2025-10-07T11:52:18.387000,7.1,7.65,26.4
1759809140070,2025-10-07T11:52:20.070000,7.1,7.65,26.4
1759809146654,2025-10-07T11:52:26.654000,7.1,7.66,26.4
1759809148393,2025-10-07T11:52:28.393000,7.1,7.66,26.4
1759809150064,2025-10-07T11:52:30.064000,7.1,7.66,26.4
1759809156571,2025-10-07T11:52:36.571000,7.1,7.65,26.4
1759809158387,2025-10-07T11:52:38.387000,7.1,7.65,26.4
1759809160063,2025-10-07T11:52:40.063000,7.1,7.65,26.4
1759809160087,2025-10-07T11:52:40.087000,7.1,7.65,26.4
1759809160088,2025-10-07T11:52:40.088000,7.1,7.65,26.4
1759809166602,2025-10-07T11:52:46.602000,7.1,7.66,26.4
1759809168387,2025-10-07T11:52:48.387000,7.1,7.66,26.4
1759809170067,2025-10-07T11:52:50.067000,7.1,7.66,26.4
1759809176567,2025-10-07T11:52:56.567000,7.1,7.65,26.4
1759809178592,2025-10-07T11:52:58.592000,7.1,7.65,26.4
1759809180075,2025-10-07T11:53:00.075000,7.1,7.65,26.4
1759809186608,2025-10-07T11:53:06.608000,7.1,7.61,26.4
1759809188387,2025-10-07T11:53:08.387000,7.1,7.61,26.4
1759809190082,2025-10-07T11:53:10.082000,7.1,7.61,26.4
1759809196569,2025-10-07T11:53:16.569000,7.1,7.64,26.4
1759809198398,2025-10-07T11:53:18.398000,7.1,7.64,26.4
1759809200074,2025-10-07T11:53:20.074000,7.1,7.64,26.4
1759809206658,2025-10-07T11:53:26.658000,7.1,7.63,26.4
1759809208384,2025-10-07T11:53:28.384000,7.1,7.63,26.4
1759809210066,2025-10-07T11:53:30.066000,7.1,7.63,26.4
1759809216694,2025-10-07T11:53:36.694000,7.1,7.66,26.4
1759809218386,2025-10-07T11:53:38.386000,7.1,7.66,26.4
1759809220085,2025-10-07T11:53:40.085000,7.1,7.66,26.4
1759809220116,2025-10-07T11:53:40.116000,7.1,7.66,26.4
1759809220116,2025-10-07T11:53:40.116000,7.1,7.66,26.4
1759809226573,2025-10-07T11:53:46.573000,7.1,7.64,26.4
1759809228377,2025-10-07T11:53:48.377000,7.1,7.64,26.4
1759809230073,2025-10-07T11:53:50.073000,7.1,7.64,26.4
1759809250080,2025-10-07T11:54:10.080000,7.1,7.62,26.4
1759809256630,2025-10-07T11:54:16.630000,7.1,7.61,26.4
1759809258369,2025-10-07T11:54:18.369000,7.1,7.61,26.4
1759809260073,2025-10-07T11:54:20.073000,7.1,7.61,26.4
1759809266666,2025-10-07T11:54:26.666000,7.1,7.63,26.4
1759809268382,2025-10-07T11:54:28.382000,7.1,7.63,26.4
1759809270073,2025-10-07T11:54:30.073000,7.1,7.63,26.4
1759809276577,2025-10-07T11:54:36.577000,7.1,7.66,26.4
1759809278367,2025-10-07T11:54:38.367000,7.1,7.66,26.4
1759809280088,2025-10-07T11:54:40.088000,7.1,7.66,26.4
1759809280123,2025-10-07T11:54:40.123000,7.1,7.66,26.4
1759809280124,2025-10-07T11:54:40.124000,7.1,7.66,26.4
1759809286564,2025-10-07T11:54:46.564000,7.1,7.64,26.4
1759809288375,2025-10-07T11:54:48.375000,7.1,7.64,26.4
1759809290082,2025-10-07T11:54:50.082000,7.1,7.64,26.4
1759809296580,2025-10-07T11:54:56.580000,7.1,7.64,26.4
1759809298397,2025-10-07T11:54:58.397000,7.1,7.64,26.4
1759809300077,2025-10-07T11:55:00.077000,7.1,7.64,26.4
1759809306617,2025-10-07T11:55:06.617000,7.1,7.63,26.4
1759809308384,2025-10-07T11:55:08.384000,7.1,7.63,26.4
1759809310058,2025-10-07T11:55:10.058000,7.1,7.63,26.4
1759809316637,2025-10-07T11:55:16.637000,7.1,7.61,26.4
1759809318482,2025-10-07T11:55:18.482000,7.1,7.61,26.4
1759809320069,2025-10-07T11:55:20.069000,7.1,7.61,26.4
1759809326556,2025-10-07T11:55:26.556000,7.1,7.62,26.4
1759809328380,2025-10-07T11:55:28.380000,7.1,7.62,26.4
1759809330083,2025-10-07T11:55:30.083000,7.1,7.62,26.4
1759809336541,2025-10-07T11:55:36.541000,7.1,7.64,26.4
1759809338394,2025-10-07T11:55:38.394000,7.1,7.64,26.4
1759809340067,2025-10-07T11:55:40.067000,7.1,7.64,26.4
1759809340091,2025-10-07T11:55:40.091000,7.1,7.64,26.4
1759809340091,2025-10-07T11:55:40.091000,7.1,7.64,26.4
1759809346620,2025-10-07T11:55:46.620000,7.1,7.64,26.4
1759809348381,2025-10-07T11:55:48.381000,7.1,7.64,26.4
1759809350083,2025-10-07T11:55:50.083000,7.1,7.64,26.4
1759809356590,2025-10-07T11:55:56.590000,7.1,7.64,26.4
1759809358377,2025-10-07T11:55:58.377000,7.1,7.64,26.4
1759809360077,2025-10-07T11:56:00.077000,7.1,7.64,26.4
1759809366558,2025-10-07T11:56:06.558000,7.1,7.63,26.4
1759809368409,2025-10-07T11:56:08.409000,7.1,7.63,26.4
1759809370073,2025-10-07T11:56:10.073000,7.1,7.63,26.4
1759809376589,2025-10-07T11:56:16.589000,7.1,7.62,26.4
1759809378392,2025-10-07T11:56:18.392000,7.1,7.62,26.4
1759809380073,2025-10-07T11:56:20.073000,7.1,7.62,26.4
1759809386628,2025-10-07T11:56:26.628000,7.1,7.62,26.4
1759809388394,2025-10-07T11:56:28.394000,7.1,7.62,26.4
1759809390052,2025-10-07T11:56:30.052000,7.1,7.62,26.4
1759809396595,2025-10-07T11:56:36.595000,7.1,7.63,26.4
1759809398400,2025-10-07T11:56:38.400000,7.1,7.63,26.4
1759809400086,2025-10-07T11:56:40.086000,7.1,7.63,26.4
1759809400140,2025-10-07T11:56:40.140000,7.1,7.63,26.4
1759809400140,2025-10-07T11:56:40.140000,7.1,7.63,26.4
1759809406561,2025-10-07T11:56:46.561000,7.1,7.64,26.4
1759809408398,2025-10-07T11:56:48.398000,7.1,7.64,26.4
1759809410070,2025-10-07T11:56:50.070000,7.1,7.64,26.4
1759809416579,2025-10-07T11:56:56.579000,7.1,7.63,26.4
1759809418424,2025-10-07T11:56:58.424000,7.1,7.63,26.4
1759809420074,2025-10-07T11:57:00.074000,7.1,7.63,26.4
1759809426687,2025-10-07T11:57:06.687000,7.1,7.63,26.4
1759809428394,2025-10-07T11:57:08.394000,7.1,7.63,26.4
1759809430085,2025-10-07T11:57:10.085000,7.1,7.63,26.4
1759809436672,2025-10-07T11:57:16.672000,7.1,7.62,26.4
1759809438430,2025-10-07T11:57:18.430000,7.1,7.62,26.4
1759809440062,2025-10-07T11:57:20.062000,7.1,7.62,26.4
1759809446542,2025-10-07T11:57:26.542000,7.1,7.6,26.4
1759809448381,2025-10-07T11:57:28.381000,7.1,7.6,26.4
1759809450078,2025-10-07T11:57:30.078000,7.1,7.6,26.4
1759809456601,2025-10-07T11:57:36.601000,7.1,7.62,26.4
1759809458399,2025-10-07T11:57:38.399000,7.1,7.62,26.4
1759809460082,2025-10-07T11:57:40.082000,7.1,7.62,26.4
1759809460118,2025-10-07T11:57:40.118000,7.1,7.62,26.4
1759809460119,2025-10-07T11:57:40.119000,7.1,7.62,26.4
1759809466583,2025-10-07T11:57:46.583000,7.1,7.63,26.4
1759809468402,2025-10-07T11:57:48.402000,7.1,7.63,26.4
1759809470080,2025-10-07T11:57:50.080000,7.1,7.63,26.4
1759809476586,2025-10-07T11:57:56.586000,7.1,7.64,26.4
1759809478389,2025-10-07T11:57:58.389000,7.1,7.64,26.4
1759809480064,2025-10-07T11:58:00.064000,7.1,7.64,26.4
1759809486630,2025-10-07T11:58:06.630000,7.1,7.63,26.4
1759809488395,2025-10-07T11:58:08.395000,7.1,7.63,26.4
1759809490073,2025-10-07T11:58:10.073000,7.1,7.63,26.4
1759809496657,2025-10-07T11:58:16.657000,7.1,7.63,26.4
1759809498405,2025-10-07T11:58:18.405000,7.1,7.63,26.4
1759809500083,2025-10-07T11:58:20.083000,7.1,7.63,26.4
1759809506569,2025-10-07T11:58:26.569000,7.1,7.61,26.4
1759809508388,2025-10-07T11:58:28.388000,7.1,7.61,26.4
1759809510074,2025-10-07T11:58:30.074000,7.1,7.61,26.4
1759809516544,2025-10-07T11:58:36.544000,7.1,7.61,26.4
1759809518405,2025-10-07T11:58:38.405000,7.1,7.61,26.4
1759809520057,2025-10-07T11:58:40.057000,7.1,7.61,26.4
1759809520102,2025-10-07T11:58:40.102000,7.1,7.61,26.4
1759809520102,2025-10-07T11:58:40.102000,7.1,7.61,26.4
1759809526557,2025-10-07T11:58:46.557000,7.1,7.62,26.4
1759809528386,2025-10-07T11:58:48.386000,7.1,7.62,26.4
1759809530079,2025-10-07T11:58:50.079000,7.1,7.62,26.4
1759809536601,2025-10-07T11:58:56.601000,7.1,7.63,26.4
1759809538392,2025-10-07T11:58:58.392000,7.1,7.63,26.4
1759809540079,2025-10-07T11:59:00.079000,7.1,7.63,26.4
1759809546628,2025-10-07T11:59:06.628000,7.1,7.63,26.4
1759809548397,2025-10-07T11:59:08.397000,7.1,7.63,26.4
1759809550087,2025-10-07T11:59:10.087000,7.1,7.63,26.4
1759809556671,2025-10-07T11:59:16.671000,7.1,7.63,26.4
1759809558508,2025-10-07T11:59:18.508000,7.1,7.63,26.4
1759809560085,2025-10-07T11:59:20.085000,7.1,7.63,26.4
1759809566575,2025-10-07T11:59:26.575000,7.1,7.63,26.4
1759809568385,2025-10-07T11:59:28.385000,7.1,7.63,26.4
1759809570090,2025-10-07T11:59:30.090000,7.1,7.63,26.4
1759809576569,2025-10-07T11:59:36.569000,7.1,7.61,26.4
1759809578395,2025-10-07T11:59:38.395000,7.1,7.61,26.4
1759809580086,2025-10-07T11:59:40.086000,7.1,7.61,26.4
1759809580118,2025-10-07T11:59:40.118000,7.1,7.61,26.4
1759809580119,2025-10-07T11:59:40.119000,7.1,7.61,26.4
1759809586585,2025-10-07T11:59:46.585000,7.1,7.63,26.4
1759809588393,2025-10-07T11:59:48.393000,7.1,7.63,26.4
1759809590061,2025-10-07T11:59:50.061000,7.1,7.63,26.4
1759809596562,2025-10-07T11:59:56.562000,7.1,7.64,26.4
1759809598388,2025-10-07T11:59:58.388000,7.1,7.64,26.4
1759809600080,2025-10-07T12:00:00.080000,7.1,7.64,26.4
1759809606592,2025-10-07T12:00:06.592000,7.1,7.64,26.4
1759809608430,2025-10-07T12:00:08.430000,7.1,7.64,26.4
1759809610084,2025-10-07T12:00:10.084000,7.1,7.64,26.4
1759809616614,2025-10-07T12:00:16.614000,7.1,7.64,26.4
1759809618398,2025-10-07T12:00:18.398000,7.1,7.64,26.4
1759809620098,2025-10-07T12:00:20.098000,7.1,7.64,26.4
1759809780077,2025-10-07T12:03:00.077000,7.1,7.62,26.4
1759809786655,2025-10-07T12:03:06.655000,7.1,7.63,26.4
1759809788380,2025-10-07T12:03:08.380000,7.1,7.63,26.4
1759809790075,2025-10-07T12:03:10.075000,7.1,7.63,26.4
1759809796570,2025-10-07T12:03:16.570000,7.1,7.65,26.4
1759809798397,2025-10-07T12:03:18.397000,7.1,7.65,26.4
1759809800076,2025-10-07T12:03:20.076000,7.1,7.65,26.4
1759809806583,2025-10-07T12:03:26.583000,7.1,7.65,26.4
1759809808394,2025-10-07T12:03:28.394000,7.1,7.65,26.4
1759809810077,2025-10-07T12:03:30.077000,7.1,7.65,26.4
1759809816574,2025-10-07T12:03:36.574000,7.1,7.64,26.4
1759809818399,2025-10-07T12:03:38.399000,7.1,7.64,26.4
1759809820089,2025-10-07T12:03:40.089000,7.1,7.64,26.4
1759809820141,2025-10-07T12:03:40.141000,7.1,7.64,26.4
1759809820142,2025-10-07T12:03:40.142000,7.1,7.64,26.4
1759809826591,2025-10-07T12:03:46.591000,7.1,7.64,26.4
1759809828435,2025-10-07T12:03:48.435000,7.1,7.64,26.4
1759809830088,2025-10-07T12:03:50.088000,7.1,7.64,26.4
1759809836629,2025-10-07T12:03:56.629000,7.1,7.62,26.4
1759809838471,2025-10-07T12:03:58.471000,7.1,7.62,26.4
1759809840085,2025-10-07T12:04:00.085000,7.1,7.62,26.4
1759809846661,2025-10-07T12:04:06.661000,7.1,7.64,26.4
1759809848505,2025-10-07T12:04:08.505000,7.1,7.64,26.4
1759809850069,2025-10-07T12:04:10.069000,7.1,7.64,26.4
1759809856561,2025-10-07T12:04:16.561000,7.1,7.65,26.4
1759809858379,2025-10-07T12:04:18.379000,7.1,7.65,26.4
1759809860073,2025-10-07T12:04:20.073000,7.1,7.65,26.4
1759809866566,2025-10-07T12:04:26.566000,7.1,7.65,26.4
1759810216571,2025-10-07T12:10:16.571000,7.1,7.63,26.4
1759810218403,2025-10-07T12:10:18.403000,7.1,7.63,26.4
1759810220064,2025-10-07T12:10:20.064000,7.1,7.63,26.4
1759810236571,2025-10-07T12:10:36.571000,7.1,7.63,26.4
1759810238448,2025-10-07T12:10:38.448000,7.1,7.63,26.4
1759810240098,2025-10-07T12:10:40.098000,7.1,7.63,26.4
1759810240184,2025-10-07T12:10:40.184000,7.1,7.63,26.4
1759810240184,2025-10-07T12:10:40.184000,7.1,7.63,26.4
1759810246610,2025-10-07T12:10:46.610000,7.1,7.62,26.4
1759810248396,2025-10-07T12:10:48.396000,7.1,7.62,26.4
1759810250078,2025-10-07T12:10:50.078000,7.1,7.62,26.4
1759810256553,2025-10-07T12:10:56.553000,7.1,7.62,26.4
1759810258383,2025-10-07T12:10:58.383000,7.1,7.62,26.4
1759810260074,2025-10-07T12:11:00.074000,7.1,7.62,26.4
1759810266570,2025-10-07T12:11:06.570000,7.1,7.63,26.4
1759810268388,2025-10-07T12:11:08.388000,7.1,7.63,26.4
1759810270087,2025-10-07T12:11:10.087000,7.1,7.63,26.4
1759810276586,2025-10-07T12:11:16.586000,7.1,7.64,26.4
1759810278401,2025-10-07T12:11:18.401000,7.1,7.64,26.4
1759810280063,2025-10-07T12:11:20.063000,7.1,7.64,26.4
1759810286588,2025-10-07T12:11:26.588000,7.1,7.61,26.4
1759810288386,2025-10-07T12:11:28.386000,7.1,7.61,26.4
1759810290079,2025-10-07T12:11:30.079000,7.1,7.61,26.4
1759810296572,2025-10-07T12:11:36.572000,7.1,7.61,26.4
1759810298454,2025-10-07T12:11:38.454000,7.1,7.61,26.4
1759810300095,2025-10-07T12:11:40.095000,7.1,7.61,26.4
1759810300126,2025-10-07T12:11:40.126000,7.1,7.61,26.4
1759810300127,2025-10-07T12:11:40.127000,7.1,7.61,26.4
1759810450072,2025-10-07T12:14:10.072000,7.1,7.65,26.4
1759810456575,2025-10-07T12:14:16.575000,7.1,7.63,26.4
1759810550077,2025-10-07T12:15:50.077000,7.1,7.58,26.4
1759810556560,2025-10-07T12:15:56.560000,7.1,7.6,26.4
1759810558372,2025-10-07T12:15:58.372000,7.1,7.6,26.4
1759810560056,2025-10-07T12:16:00.056000,7.1,7.6,26.4
1759810566566,2025-10-07T12:16:06.566000,7.1,7.61,26.4
1759810568400,2025-10-07T12:16:08.400000,7.1,7.61,26.4
1759810570074,2025-10-07T12:16:10.074000,7.1,7.61,26.5
1759810576591,2025-10-07T12:16:16.591000,7.1,7.63,26.5
1759810578418,2025-10-07T12:16:18.418000,7.1,7.63,26.5
1759810580068,2025-10-07T12:16:20.068000,7.1,7.63,26.4
1759810586608,2025-10-07T12:16:26.608000,7.1,7.63,26.4
1759810588452,2025-10-07T12:16:28.452000,7.1,7.63,26.4
1759810590095,2025-10-07T12:16:30.095000,7.1,7.63,26.4
1759810596644,2025-10-07T12:16:36.644000,7.1,7.62,26.4
1759810598487,2025-10-07T12:16:38.487000,7.1,7.62,26.4
1759810600090,2025-10-07T12:16:40.090000,7.1,7.62,26.5
1759810600157,2025-10-07T12:16:40.157000,7.1,7.62,26.5
1759810600157,2025-10-07T12:16:40.157000,7.1,7.62,26.5
1759810606677,2025-10-07T12:16:46.677000,7.1,7.61,26.5
1759810608380,2025-10-07T12:16:48.380000,7.1,7.61,26.5
1759810610074,2025-10-07T12:16:50.074000,7.1,7.61,26.5
1759810616595,2025-10-07T12:16:56.595000,7.1,7.6,26.5
1759810618401,2025-10-07T12:16:58.401000,7.1,7.6,26.5
1759810620070,2025-10-07T12:17:00.070000,7.1,7.6,26.4
1759810626570,2025-10-07T12:17:06.570000,7.1,7.62,26.4
1759810628401,2025-10-07T12:17:08.401000,7.1,7.62,26.4
1759810630078,2025-10-07T12:17:10.078000,7.1,7.62,26.4
1759810750072,2025-10-07T12:19:10.072000,7.1,7.6,26.5
1759810756592,2025-10-07T12:19:16.592000,7.1,7.63,26.5
1759810758436,2025-10-07T12:19:18.436000,7.1,7.63,26.5
1759810760066,2025-10-07T12:19:20.066000,7.1,7.63,26.5
1759810766608,2025-10-07T12:19:26.608000,7.1,7.64,26.5
1759810768472,2025-10-07T12:19:28.472000,7.1,7.64,26.5
1759810770111,2025-10-07T12:19:30.111000,7.1,7.64,26.5
1759810776663,2025-10-07T12:19:36.663000,7.1,7.65,26.5
1759810778386,2025-10-07T12:19:38.386000,7.1,7.65,26.5
1759810780089,2025-10-07T12:19:40.089000,7.1,7.65,26.5
1759810780126,2025-10-07T12:19:40.126000,7.1,7.65,26.5
1759810780127,2025-10-07T12:19:40.127000,7.1,7.65,26.5
1759810786570,2025-10-07T12:19:46.570000,7.1,7.63,26.5
1759810788392,2025-10-07T12:19:48.392000,7.1,7.63,26.5
1759810790074,2025-10-07T12:19:50.074000,7.1,7.63,26.5
1759810796573,2025-10-07T12:19:56.573000,7.1,7.62,26.5
1759810798401,2025-10-07T12:19:58.401000,7.1,7.62,26.5
1759810800077,2025-10-07T12:20:00.077000,7.1,7.62,26.5
1759810806636,2025-10-07T12:20:06.636000,7.1,7.6,26.5
1759810808423,2025-10-07T12:20:08.423000,7.1,7.6,26.5
1759810810084,2025-10-07T12:20:10.084000,7.1,7.6,26.5
1759810816584,2025-10-07T12:20:16.584000,7.1,7.6,26.5
1759810818453,2025-10-07T12:20:18.453000,7.1,7.6,26.5
1759810820089,2025-10-07T12:20:20.089000,7.1,7.6,26.5
1759810826694,2025-10-07T12:20:26.694000,7.1,7.62,26.5
1759810828478,2025-10-07T12:20:28.478000,7.1,7.62,26.5
1759810830085,2025-10-07T12:20:30.085000,7.1,7.62,26.5
1759810836575,2025-10-07T12:20:36.575000,7.1,7.63,26.5
1759810838374,2025-10-07T12:20:38.374000,7.1,7.63,26.5
1759810840091,2025-10-07T12:20:40.091000,7.1,7.63,26.5
1759810840114,2025-10-07T12:20:40.114000,7.1,7.63,26.5
1759810840115,2025-10-07T12:20:40.115000,7.1,7.63,26.5
1759810846565,2025-10-07T12:20:46.565000,7.1,7.63,26.5
1759810848378,2025-10-07T12:20:48.378000,7.1,7.63,26.5
1759810850059,2025-10-07T12:20:50.059000,7.1,7.63,26.5
1759810856571,2025-10-07T12:20:56.571000,7.1,7.62,26.5
1759810858380,2025-10-07T12:20:58.380000,7.1,7.62,26.5
1759810860073,2025-10-07T12:21:00.073000,7.1,7.62,26.5
1759810866577,2025-10-07T12:21:06.577000,7.1,7.61,26.5
1759810868414,2025-10-07T12:21:08.414000,7.1,7.61,26.5
1759810870087,2025-10-07T12:21:10.087000,7.1,7.61,26.4
1759810876557,2025-10-07T12:21:16.557000,7.1,7.6,26.4
1759810878399,2025-10-07T12:21:18.399000,7.1,7.6,26.4
1759810880090,2025-10-07T12:21:20.090000,7.1,7.6,26.5
1759810886585,2025-10-07T12:21:26.585000,7.1,7.62,26.5
1759810888485,2025-10-07T12:21:28.485000,7.1,7.62,26.5
1759810890084,2025-10-07T12:21:30.084000,7.1,7.62,26.5
1759810896586,2025-10-07T12:21:36.586000,7.1,7.63,26.5
1759810898397,2025-10-07T12:21:38.397000,7.1,7.63,26.5
1759810900073,2025-10-07T12:21:40.073000,7.1,7.63,26.5
1759810900085,2025-10-07T12:21:40.085000,7.1,7.63,26.5
1759810900087,2025-10-07T12:21:40.087000,7.1,7.63,26.5
1759810906550,2025-10-07T12:21:46.550000,7.1,7.62,26.5
1759810908431,2025-10-07T12:21:48.431000,7.1,7.62,26.5
1759810910084,2025-10-07T12:21:50.084000,7.1,7.62,26.5
1759810930075,2025-10-07T12:22:10.075000,7.1,7.61,26.5
1759810936587,2025-10-07T12:22:16.587000,7.1,7.6,26.5
1759810938464,2025-10-07T12:22:18.464000,7.1,7.6,26.5
1759811738410,2025-10-07T12:35:38.410000,7.1,7.62,26.5
1759811740076,2025-10-07T12:35:40.076000,7.1,7.62,26.5
1759811740111,2025-10-07T12:35:40.111000,7.1,7.62,26.5
1759811740112,2025-10-07T12:35:40.112000,7.1,7.62,26.5
1759811746577,2025-10-07T12:35:46.577000,7.1,7.62,26.5
1759811748445,2025-10-07T12:35:48.445000,7.1,7.62,26.5
1759811750088,2025-10-07T12:35:50.088000,7.1,7.62,26.5
1759811756574,2025-10-07T12:35:56.574000,7.1,7.62,26.5
1759811758481,2025-10-07T12:35:58.481000,7.1,7.62,26.5
1759811760117,2025-10-07T12:36:00.117000,7.1,7.62,26.5
1759811766590,2025-10-07T12:36:06.590000,7.1,7.61,26.5
1759811768468,2025-10-07T12:36:08.468000,7.1,7.61,26.5
1759811770152,2025-10-07T12:36:10.152000,7.1,7.61,26.5
1759811776552,2025-10-07T12:36:16.552000,7.1,7.6,26.5
1759811778398,2025-10-07T12:36:18.398000,7.1,7.6,26.5
1759811780080,2025-10-07T12:36:20.080000,7.1,7.6,26.5
1759811786579,2025-10-07T12:36:26.579000,7.1,7.59,26.5
1759811788401,2025-10-07T12:36:28.401000,7.1,7.59,26.5
1759811790105,2025-10-07T12:36:30.105000,7.1,7.59,26.5
1759811796577,2025-10-07T12:36:36.577000,7.1,7.61,26.5
1759811798398,2025-10-07T12:36:38.398000,7.1,7.61,26.5
1759811800097,2025-10-07T12:36:40.097000,7.1,7.61,26.5
1759811800125,2025-10-07T12:36:40.125000,7.1,7.61,26.5
1759811800125,2025-10-07T12:36:40.125000,7.1,7.61,26.5
1759811806581,2025-10-07T12:36:46.581000,7.1,7.62,26.5
1759811808402,2025-10-07T12:36:48.402000,7.1,7.62,26.5
1759811810110,2025-10-07T12:36:50.110000,7.1,7.62,26.5
1759811816568,2025-10-07T12:36:56.568000,7.1,7.62,26.5
1759811818486,2025-10-07T12:36:58.486000,7.1,7.62,26.5
1759811820125,2025-10-07T12:37:00.125000,7.1,7.62,26.5
1759811826578,2025-10-07T12:37:06.578000,7.1,7.62,26.5
1759811828521,2025-10-07T12:37:08.521000,7.1,7.62,26.5
1759811830090,2025-10-07T12:37:10.090000,7.1,7.62,26.5
1759811836581,2025-10-07T12:37:16.581000,7.1,7.61,26.5
1759811838402,2025-10-07T12:37:18.402000,7.1,7.61,26.5
1759811840194,2025-10-07T12:37:20.194000,7.1,7.61,26.5
1759811846583,2025-10-07T12:37:26.583000,7.1,7.59,26.5
1759811848410,2025-10-07T12:37:28.410000,7.1,7.59,26.5
1759811850080,2025-10-07T12:37:30.080000,7.1,7.59,26.5
1759811856605,2025-10-07T12:37:36.605000,7.1,7.61,26.5
1759811858405,2025-10-07T12:37:38.405000,7.1,7.61,26.5
1759811860088,2025-10-07T12:37:40.088000,7.1,7.61,26.5
1759811860129,2025-10-07T12:37:40.129000,7.1,7.61,26.5
1759811860129,2025-10-07T12:37:40.129000,7.1,7.61,26.5
1759811866583,2025-10-07T12:37:46.583000,7.1,7.62,26.5
1759811868457,2025-10-07T12:37:48.457000,7.1,7.62,26.5
1759811870097,2025-10-07T12:37:50.097000,7.1,7.62,26.5
1759811876583,2025-10-07T12:37:56.583000,7.1,7.62,26.5
1759811878436,2025-10-07T12:37:58.436000,7.1,7.62,26.5
1759811880135,2025-10-07T12:38:00.135000,7.1,7.62,26.5
1759811886571,2025-10-07T12:38:06.571000,7.1,7.62,26.5
1759811888527,2025-10-07T12:38:08.527000,7.1,7.62,26.5
1759811890081,2025-10-07T12:38:10.081000,7.1,7.62,26.5
1759811896582,2025-10-07T12:38:16.582000,7.1,7.62,26.5
1759811898404,2025-10-07T12:38:18.404000,7.1,7.62,26.5
1759811900064,2025-10-07T12:38:20.064000,7.1,7.62,26.5
1759811906590,2025-10-07T12:38:26.590000,7.1,7.6,26.5
1759811908403,2025-10-07T12:38:28.403000,7.1,7.6,26.5
1759811910087,2025-10-07T12:38:30.087000,7.1,7.6,26.5
1759811916582,2025-10-07T12:38:36.582000,7.1,7.59,26.5
1759811918430,2025-10-07T12:38:38.430000,7.1,7.59,26.5
1759811920101,2025-10-07T12:38:40.101000,7.1,7.59,26.5
1759811920125,2025-10-07T12:38:40.125000,7.1,7.59,26.5
1759811920125,2025-10-07T12:38:40.125000,7.1,7.59,26.5
1759811926592,2025-10-07T12:38:46.592000,7.1,7.61,26.5
1759811928403,2025-10-07T12:38:48.403000,7.1,7.61,26.5
1759811930099,2025-10-07T12:38:50.099000,7.1,7.61,26.5
1759811936582,2025-10-07T12:38:56.582000,7.1,7.62,26.5
1759811938428,2025-10-07T12:38:58.428000,7.1,7.62,26.5
1759811940137,2025-10-07T12:39:00.137000,7.1,7.62,26.5
1759811946577,2025-10-07T12:39:06.577000,7.1,7.62,26.5
1759811948398,2025-10-07T12:39:08.398000,7.1,7.62,26.5
1759811950178,2025-10-07T12:39:10.178000,7.1,7.62,26.5
1759811956590,2025-10-07T12:39:16.590000,7.1,7.62,26.5
1759811958390,2025-10-07T12:39:18.390000,7.1,7.62,26.5
1759811960068,2025-10-07T12:39:20.068000,7.1,7.62,26.5
1759811966582,2025-10-07T12:39:26.582000,7.1,7.61,26.5
1759811968407,2025-10-07T12:39:28.407000,7.1,7.61,26.5
1759811970080,2025-10-07T12:39:30.080000,7.1,7.61,26.5
1759811976597,2025-10-07T12:39:36.597000,7.1,7.59,26.5
1759811978416,2025-10-07T12:39:38.416000,7.1,7.59,26.5
1759811980077,2025-10-07T12:39:40.077000,7.1,7.59,26.5
1759811980112,2025-10-07T12:39:40.112000,7.1,7.59,26.5
1759811980126,2025-10-07T12:39:40.126000,7.1,7.59,26.5
1759811986589,2025-10-07T12:39:46.589000,7.1,7.61,26.5
1759811988404,2025-10-07T12:39:48.404000,7.1,7.61,26.5
1759811990109,2025-10-07T12:39:50.109000,7.1,7.61,26.5
1759811996569,2025-10-07T12:39:56.569000,7.1,7.62,26.5
1759811998438,2025-10-07T12:39:58.438000,7.1,7.62,26.5
1759812000145,2025-10-07T12:40:00.145000,7.1,7.62,26.5
1759812006578,2025-10-07T12:40:06.578000,7.1,7.63,26.5
1759812008423,2025-10-07T12:40:08.423000,7.1,7.63,26.5
1759812010180,2025-10-07T12:40:10.180000,7.1,7.63,26.5
1759812016594,2025-10-07T12:40:16.594000,7.1,7.63,26.5
1759812018406,2025-10-07T12:40:18.406000,7.1,7.63,26.5
1759812020073,2025-10-07T12:40:20.073000,7.1,7.63,26.5
1759812026564,2025-10-07T12:40:26.564000,7.1,7.62,26.5
1759812028431,2025-10-07T12:40:28.431000,7.1,7.62,26.5
1759812030086,2025-10-07T12:40:30.086000,7.1,7.62,26.5
1759812036592,2025-10-07T12:40:36.592000,7.1,7.61,26.5
1759812038430,2025-10-07T12:40:38.430000,7.1,7.61,26.5
1759812040087,2025-10-07T12:40:40.087000,7.1,7.61,26.5
1759812040121,2025-10-07T12:40:40.121000,7.1,7.61,26.5
1759812040122,2025-10-07T12:40:40.122000,7.1,7.61,26.5
1759812046588,2025-10-07T12:40:46.588000,7.1,7.6,26.5
1759812048413,2025-10-07T12:40:48.413000,7.1,7.6,26.5
1759812050116,2025-10-07T12:40:50.116000,7.1,7.6,26.5
1759812056591,2025-10-07T12:40:56.591000,7.1,7.61,26.5
1759812058441,2025-10-07T12:40:58.441000,7.1,7.61,26.5
1759812060155,2025-10-07T12:41:00.155000,7.1,7.61,26.5
1759812066582,2025-10-07T12:41:06.582000,7.1,7.62,26.5
1759812068396,2025-10-07T12:41:08.396000,7.1,7.62,26.5
1759812070187,2025-10-07T12:41:10.187000,7.1,7.62,26.5
1759812076586,2025-10-07T12:41:16.586000,7.1,7.63,26.5
1759812078423,2025-10-07T12:41:18.423000,7.1,7.63,26.5
1759812080081,2025-10-07T12:41:20.081000,7.1,7.63,26.5
1759812086593,2025-10-07T12:41:26.593000,7.1,7.63,26.5
1759812088425,2025-10-07T12:41:28.425000,7.1,7.63,26.5
1759812090087,2025-10-07T12:41:30.087000,7.1,7.63,26.5
1759812096585,2025-10-07T12:41:36.585000,7.1,7.61,26.5
1759812098388,2025-10-07T12:41:38.388000,7.1,7.61,26.5
1759812100090,2025-10-07T12:41:40.090000,7.1,7.61,26.5
1759812100112,2025-10-07T12:41:40.112000,7.1,7.61,26.5
1759812100112,2025-10-07T12:41:40.112000,7.1,7.61,26.5
1759812106589,2025-10-07T12:41:46.589000,7.1,7.59,26.5
1759812108428,2025-10-07T12:41:48.428000,7.1,7.59,26.5
1759812110123,2025-10-07T12:41:50.123000,7.1,7.59,26.5
1759812116573,2025-10-07T12:41:56.573000,7.1,7.6,26.5
1759812118541,2025-10-07T12:41:58.541000,7.1,7.6,26.5
1759812120158,2025-10-07T12:42:00.158000,7.1,7.6,26.5
1759812126585,2025-10-07T12:42:06.585000,7.1,7.62,26.5
1759812128400,2025-10-07T12:42:08.400000,7.1,7.62,26.5
1759812130193,2025-10-07T12:42:10.193000,7.1,7.62,26.5
1759812136569,2025-10-07T12:42:16.569000,7.1,7.61,26.5
1759812138431,2025-10-07T12:42:18.431000,7.1,7.61,26.5
1759812140078,2025-10-07T12:42:20.078000,7.1,7.61,26.5
1759812146579,2025-10-07T12:42:26.579000,7.1,7.62,26.5
1759816700107,2025-10-07T13:58:20.107000,7.1,7.52,26.8
1759816706596,2025-10-07T13:58:26.596000,7.1,7.53,26.8
1759816708413,2025-10-07T13:58:28.413000,7.1,7.53,26.8
1759816710103,2025-10-07T13:58:30.103000,7.1,7.53,26.8
1759816716589,2025-10-07T13:58:36.589000,7.1,7.51,26.8
1759816718414,2025-10-07T13:58:38.414000,7.1,7.51,26.8
1759816720098,2025-10-07T13:58:40.098000,7.1,7.51,26.8
1759816720150,2025-10-07T13:58:40.150000,7.1,7.51,26.8
1759816720151,2025-10-07T13:58:40.151000,7.1,7.51,26.8
1759816726597,2025-10-07T13:58:46.597000,7.1,7.52,26.8
